seqIndex,netCharge,FC,LW,DP,NK,AE,pcMK,_SolventAccessibilityD1025,tau2_GRAR740104,tau4_GRAR740104,QSO50_GRAR740104,QSO29_GRAR740104
1,2.0,0.0,0.0,0.0,0.0,0.0,0.0,31.818,11186.95,5483.05555556,0.0,0.071839
