seqIndex,prediction,distToMargin,P(-1),P(+1)
1,1,1.02343997959,0.0323081662017,0.967691833798
