seqIndex,prediction,distToMargin,P(-1),P(+1)
1,1,0.327598906563,0.2481509173,0.7518490827
