seqIndex,prediction,distToMargin,P(-1),P(+1)
1,-1,-0.979599911921,0.95931921687,0.0406807831298
