seqIndex,prediction,distToMargin,P(-1),P(+1)
1,1,0.392687383658,0.210341944373,0.789658055627
