seqIndex,prediction,distToMargin,P(-1),P(+1)
1,1,1.18558198696,0.0192101967917,0.980789803208
