seqIndex,netCharge,FC,LW,DP,NK,AE,pcMK,_SolventAccessibilityD1025,tau2_GRAR740104,tau4_GRAR740104,QSO50_GRAR740104,QSO29_GRAR740104
1,2.0,7.69,0.0,0.0,0.0,0.0,0.0,14.286,15207.0833333,9277.8,0.0,0.073878
