seqIndex,prediction,distToMargin,P(-1),P(+1)
1,1,0.251619981445,0.29767783226,0.70232216774
