seqIndex,netCharge,FC,LW,DP,NK,AE,pcMK,_SolventAccessibilityD1025,tau2_GRAR740104,tau4_GRAR740104,QSO50_GRAR740104,QSO29_GRAR740104
1,5.0,0.0,0.0,0.0,0.0,0.0,0.0,27.273,10662.6666667,3895.71428571,0.0,0.062674
