seqIndex,prediction,distToMargin,P(-1),P(+1)
1,1,1.10875264036,0.0245982569904,0.97540174301
